{
  "type": "minecraft:gift",
  "pools": [
    {
      "rolls": 1,
      "bonus_rolls": 0,
      "entries": [
        {
          "type": "minecraft:loot_table",
          "value": "minecraft:archaeology/ocean_ruin_warm",
          "conditions": [
            {
              "condition": "minecraft:location_check",
              "predicate": {
                "biomes": "minecraft:warm_ocean"
              }
            }
          ]
        },
        {
          "type": "minecraft:loot_table",
          "weight": 8,
          "value": "minecraft:archaeology/desert_pyramid",
          "conditions": [
            {
              "condition": "minecraft:location_check",
              "predicate": {
                "biomes": "minecraft:desert"
              }
            }
          ]
        },
        {
          "type": "minecraft:loot_table",
          "weight": 2,
          "value": "minecraft:archaeology/desert_well",
          "conditions": [
            {
              "condition": "minecraft:location_check",
              "predicate": {
                "biomes": "minecraft:desert"
              }
            }
          ]
        },
        {
          "type": "minecraft:loot_table",
          "value": "minecraft:archaeology/ocean_ruin_cold",
          "conditions": [
            {
              "condition": "minecraft:location_check",
              "predicate": {
                "biomes": [
                  "minecraft:cold_ocean",
                  "minecraft:deep_cold_ocean"
                ]
              }
            }
          ]
        },
        {
          "type": "minecraft:loot_table",
          "weight": 8,
          "value": "minecraft:archaeology/trail_ruins_common",
          "conditions": [
            {
              "condition": "minecraft:location_check",
              "predicate": {
                "biomes": [
                  "minecraft:taiga",
                  "minecraft:snowy_taiga",
                  "minecraft:old_growth_pine_taiga",
                  "minecraft:old_growth_spruce_taiga",
                  "minecraft:old_growth_birch_forest",
                  "minecraft:jungle"
                ]
              }
            }
          ]
        },
        {
          "type": "minecraft:loot_table",
          "weight": 2,
          "value": "minecraft:archaeology/trail_ruins_rare",
          "conditions": [
            {
              "condition": "minecraft:location_check",
              "predicate": {
                "biomes": [
                  "minecraft:taiga",
                  "minecraft:snowy_taiga",
                  "minecraft:old_growth_pine_taiga",
                  "minecraft:old_growth_spruce_taiga",
                  "minecraft:old_growth_birch_forest",
                  "minecraft:jungle"
                ]
              }
            }
          ]
        }
      ]
    }
  ],
  "random_sequence": "minecraft:gameplay/hero_of_the_village/mason_gift"
}
