{
  "type": "minecraft:generic",
  "pools": [
    {
      "rolls": 1,
      "entries": [
        {
          "type": "minecraft:empty",
          "weight": 100
        },
        {
          "type": "minecraft:item",
          "weight": 100,
          "name": "minecraft:magma_block"
        },
        {
          "type": "minecraft:item",
          "weight": 80,
          "name": "minecraft:deepslate"
        },
        {
          "type": "minecraft:item",
          "weight": 55,
          "name": "minecraft:tuff"
        },
        {
          "type": "minecraft:item",
          "weight": 50,
          "name": "minecraft:calcite"
        },
        {
          "type": "minecraft:item",
          "weight": 60,
          "name": "minecraft:coal_ore"
        },
        {
          "type": "minecraft:item",
          "weight": 45,
          "name": "minecraft:iron_ore"
        },
        {
          "type": "minecraft:item",
          "weight": 35,
          "name": "minecraft:lapis_ore"
        },
        {
          "type": "minecraft:item",
          "weight": 35,
          "name": "minecraft:redstone_ore"
        },
        {
          "type": "minecraft:item",
          "weight": 30,
          "name": "minecraft:gold_ore"
        },
        {
          "type": "minecraft:item",
          "weight": 25,
          "name": "minecraft:copper_ore"
        },
        {
          "type": "minecraft:item",
          "weight": 2,
          "name": "minecraft:diamond_ore"
        },
        {
          "type": "minecraft:item",
          "weight": 1,
          "name": "minecraft:emerald_ore"
        }
      ]
    }
  ]
}
