{
  "type": "minecraft:entity",
  "pools": [
    {
      "bonus_rolls": 0.0,
      "conditions": [
        {
          "condition": "minecraft:killed_by_player"
        }
      ],
      "entries": [
        {
          "type": "minecraft:item",
          "functions": [
            {
              "add": false,
              "count": {
                "type": "minecraft:uniform",
                "max": 1.0,
                "min": 0.0
              },
              "function": "minecraft:set_count"
            },
            {
              "count": {
                "type": "minecraft:uniform",
                "max": 1.0,
                "min": 0.0
              },
              "enchantment": "minecraft:looting",
              "function": "minecraft:enchanted_count_increase"
            }
          ],
          "name": "minecraft:blaze_rod"
        }
      ],
      "rolls": 1.0
    },
    {
      "rolls": 1,
      "entries": [
        {
          "type": "minecraft:item",
          "name": "minecraft:snowball",
          "functions": [
            {
              "function": "minecraft:set_components",
              "components": {
                "minecraft:custom_data": {
                  "skyvoid_additions": {
                    "summon_breeze": true
                  }
                }
              }
            }
          ],
          "conditions": [
            {
              "condition": "minecraft:damage_source_properties",
              "predicate": {
                "tags": [
                  {
                    "id": "minecraft:is_freezing",
                    "expected": true
                  }
                ]
              }
            },
            {
              "condition": "minecraft:value_check",
              "value": {
                "type": "minecraft:score",
                "target": {
                  "type": "minecraft:fixed",
                  "name": "skyvoid_additions"
                },
                "score": "load.status"
              },
              "range": 1
            },
            {
              "condition": "minecraft:value_check",
              "value": {
                "type": "minecraft:score",
                "target": {
                  "type": "minecraft:fixed",
                  "name": "breeze_from_frozen_blaze"
                },
                "score": "skyvoid_config"
              },
              "range": 1
            }
          ]
        }
      ]
    }
  ],
  "random_sequence": "minecraft:entities/blaze",
  "__smithed__": {
    "rules": [
      {
        "type": "append",
        "target": "pools",
        "source": {
          "type": "reference",
          "path": "pools[1]"
        }
      }
    ]
  }
}
